stationid,COMID,q50,q50_weighted,slope
humaqiao,42012937,73.72254,178.57594299316406,0.000721642985
tonghe,42045560,622.0312,1453.3225504557292,0.000226372394555
