stationid,w50,Q1,Q3,IQR,w_low,w_high
humaqiao,194.91292406124347,131.15411910863875,234.255274159056,103.10115505041725,30.0,388.9070067346819
tonghe,1007.9019069193745,884.9239697736776,1119.7011332907302,234.7771635170526,532.7582244980988,1471.8668785663092
